Protocollo;Gruppo;DataOraIncidente;Localizzazione1;STRADA1;Localizzazione2;STRADA2;Strada02;Chilometrica;DaSpecificare;NaturaIncidente;particolaritastrade;TipoStrada;FondoStradale;Pavimentazione;Segnaletica;CondizioneAtmosferica;Traffico;Visibilita;Illuminazione;NUM_FERITI;NUM_RISERVATA;NUM_MORTI;NUM_ILLESI;Longitudine;Latitudine;Confermato;Progressivo;TipoVeicolo;StatoVeicolo;TipoPersona;Sesso;Tipolesione;Deceduto;DecedutoDopo;CinturaCascoUtilizzato;Airbag
1927329;1;16/11/2012 10:50;Strada Urbana;VIA EMANUELE FILIBERTO;all'intersezione semaforizzata con;VIALE MANZONI;VIALE MANZONI;;;Scontro frontale/laterale DX fra veicoli in marcia;Intersezione semaforizzata;Una carreggiata a doppio senso;Asciutto;Asfaltata;Verticale ed orizzontale;Sereno;Normale;Buona;Ore Diurne;2;0;0;1;;;-1;1;Autovettura di polizia;In marcia / fermata / arresto;Conducente;M;Rimandato;0;NON DECEDUTO;Esente;Inesploso
1927329;1;16/11/2012 10:50;Strada Urbana;VIA EMANUELE FILIBERTO;all'intersezione semaforizzata con;VIALE MANZONI;VIALE MANZONI;;;Scontro frontale/laterale DX fra veicoli in marcia;Intersezione semaforizzata;Una carreggiata a doppio senso;Asciutto;Asfaltata;Verticale ed orizzontale;Sereno;Normale;Buona;Ore Diurne;2;0;0;1;;;-1;1;Autovettura di polizia;In marcia / fermata / arresto;Passeggero;M;Rimandato;0;NON DECEDUTO;Esente;Inesploso
1927329;1;16/11/2012 10:50;Strada Urbana;VIA EMANUELE FILIBERTO;all'intersezione semaforizzata con;VIALE MANZONI;VIALE MANZONI;;;Scontro frontale/laterale DX fra veicoli in marcia;Intersezione semaforizzata;Una carreggiata a doppio senso;Asciutto;Asfaltata;Verticale ed orizzontale;Sereno;Normale;Buona;Ore Diurne;2;0;0;1;;;-1;2;Autovettura privata;In marcia / fermata / arresto;Conducente;M;Illeso;0;;Utilizzato;Inesploso
1927330;2;17/11/2012 17:50;Strada Urbana;VIA DEL FORO ITALICO;da specificare;;;;altezza uscita Campi Sportivi direz S.Giovanni;Scontro laterale fra veicoli in marcia;Rettilineo;Due carreggiate;Asciutto;Asfaltata;Verticale ed orizzontale;Sereno;Intenso;Insufficiente;Inesistente;2;0;0;1;;;-1;1;Autovettura privata;In marcia / fermata / arresto;Conducente;M;Illeso;0;;Non accertato;Inesistente
1927330;2;17/11/2012 17:50;Strada Urbana;VIA DEL FORO ITALICO;da specificare;;;;altezza uscita Campi Sportivi direz S.Giovanni;Scontro laterale fra veicoli in marcia;Rettilineo;Due carreggiate;Asciutto;Asfaltata;Verticale ed orizzontale;Sereno;Intenso;Insufficiente;Inesistente;2;0;0;1;;;-1;2;Motociclo a solo;In marcia / fermata / arresto;Conducente;M;Rifiuta cure immediate;0;NON DECEDUTO;Non accertato;Inesistente
1927330;2;17/11/2012 17:50;Strada Urbana;VIA DEL FORO ITALICO;da specificare;;;;altezza uscita Campi Sportivi direz S.Giovanni;Scontro laterale fra veicoli in marcia;Rettilineo;Due carreggiate;Asciutto;Asfaltata;Verticale ed orizzontale;Sereno;Intenso;Insufficiente;Inesistente;2;0;0;1;;;-1;2;Motociclo a solo;In marcia / fermata / arresto;Passeggero;M;Rimandato;0;NON DECEDUTO;Non accertato;Inesistente
1927331;20;17/11/2012 18:00;Provinciale;VIA BRACCIANENSE;in corrispondenza;;del civico n. ;1095;;Tamponamento;Rettilineo;Una carreggiata a doppio senso;Asciutto;Asfaltata;Verticale ed orizzontale;Sereno;Normale;Sufficiente;Inesistente;1;0;0;1;;;-1;1;Trattore agricolo;In marcia / fermata / arresto;Conducente;M;Illeso;0;;Non accertato;Inesistente
1927331;20;17/11/2012 18:00;Provinciale;VIA BRACCIANENSE;in corrispondenza;;del civico n. ;1095;;Tamponamento;Rettilineo;Una carreggiata a doppio senso;Asciutto;Asfaltata;Verticale ed orizzontale;Sereno;Normale;Sufficiente;Inesistente;1;0;0;1;;;-1;2;Autovettura privata;In marcia / fermata / arresto;Conducente;F;Rimandato;0;NON DECEDUTO;Non accertato;Inesistente
1927332;20;17/11/2012 13:30;Strada Urbana;LUNGOTEVERE MARESCIALLO DIAZ;all'intersezione con;VIALE DEL MINISTERO DEGLI AFFARI ESTERI;VIALE DEL MINISTERO DEGLI AFFARI ESTERI;;;Scontro laterale fra veicoli in marcia;Incrocio;Due carreggiate;Asciutto;Asfaltata;Verticale ed orizzontale;Sereno;Intenso;Buona;Ore Diurne;0;0;0;2;;;-1;1;Autobus turistico;In marcia / fermata / arresto;Conducente;M;Illeso;0;;Non accertato;Inesistente
1927332;20;17/11/2012 13:30;Strada Urbana;LUNGOTEVERE MARESCIALLO DIAZ;all'intersezione con;VIALE DEL MINISTERO DEGLI AFFARI ESTERI;VIALE DEL MINISTERO DEGLI AFFARI ESTERI;;;Scontro laterale fra veicoli in marcia;Incrocio;Due carreggiate;Asciutto;Asfaltata;Verticale ed orizzontale;Sereno;Intenso;Buona;Ore Diurne;0;0;0;2;;;-1;2;Autovettura privata;In marcia / fermata / arresto;Conducente;M;Illeso;0;;Non accertato;Inesistente
1927333;20;18/11/2012 00:35;Strada Urbana;VIA SAN GODENZO;in prossimità;;del civico n. ;180;;Veicolo in marcia contro veicoli in sosta;Rettilineo;Una carreggiata a senso unico di marcia;Bagnato (pioggia);Asfaltata;Verticale ed orizzontale;Pioggia in atto;Scarso;Buona;Sufficiente;0;0;0;1;;;-1;1;Autovettura privata;In marcia / fermata / arresto;Conducente;M;Illeso;0;;Non accertato;Inesistente
1927334;12;16/11/2012 16:10;Strada Urbana;VIALE EUROPA;in prossimità;;del civico n. ;106;;Scontro frontale/laterale DX fra veicoli in marcia;Rettilineo;Una carreggiata a doppio senso;Asciutto;Asfaltata;Verticale ed orizzontale;Sereno;Normale;Buona;Ore Diurne;0;0;0;2;;;-1;1;Motociclo a solo;In marcia / fermata / arresto;Conducente;M;Illeso;0;;Utilizzato;Inesistente
1927334;12;16/11/2012 16:10;Strada Urbana;VIALE EUROPA;in prossimità;;del civico n. ;106;;Scontro frontale/laterale DX fra veicoli in marcia;Rettilineo;Una carreggiata a doppio senso;Asciutto;Asfaltata;Verticale ed orizzontale;Sereno;Normale;Buona;Ore Diurne;0;0;0;2;;;-1;2;Autovettura privata;In marcia / fermata / arresto;Conducente;F;Illeso;0;;Non accertato;Inesistente
1927335;1;17/11/2012 18:45;Strada Urbana;VIA DI S. GIOVANNI IN LATERANO;all'intersezione con;VIA DEI QUERCETI;VIA DEI QUERCETI;;;Scontro frontale/laterale DX fra veicoli in marcia;Incrocio;Una carreggiata a senso unico di marcia;Asciutto;In cubetti di porfido;Verticale;Nuvoloso;Scarso;Sufficiente;Sufficiente;0;0;0;3;;;-1;1;Autovettura privata;In marcia / fermata / arresto;Conducente;F;Illeso;0;;Non accertato;Inesploso
1927335;1;17/11/2012 18:45;Strada Urbana;VIA DI S. GIOVANNI IN LATERANO;all'intersezione con;VIA DEI QUERCETI;VIA DEI QUERCETI;;;Scontro frontale/laterale DX fra veicoli in marcia;Incrocio;Una carreggiata a senso unico di marcia;Asciutto;In cubetti di porfido;Verticale;Nuvoloso;Scarso;Sufficiente;Sufficiente;0;0;0;3;;;-1;1;Autovettura privata;In marcia / fermata / arresto;Passeggero;M;Illeso;0;;Non accertato;Inesistente
1927335;1;17/11/2012 18:45;Strada Urbana;VIA DI S. GIOVANNI IN LATERANO;all'intersezione con;VIA DEI QUERCETI;VIA DEI QUERCETI;;;Scontro frontale/laterale DX fra veicoli in marcia;Incrocio;Una carreggiata a senso unico di marcia;Asciutto;In cubetti di porfido;Verticale;Nuvoloso;Scarso;Sufficiente;Sufficiente;0;0;0;3;;;-1;2;Autovettura privata;In marcia / fermata / arresto;Conducente;F;Illeso;0;;Non accertato;Inesploso
1927336;18;18/11/2012 02:20;Strada Urbana;VIA DEL CASALE DI S. PIO V;in corrispondenza;;del civico n. ;15/Q;;Investimento di pedone;Rettilineo;Una carreggiata a doppio senso;Asciutto;Asfaltata;Verticale ed orizzontale;Sereno;Scarso;Sufficiente;Sufficiente;1;0;0;1;;;-1;;;;Pedone;M;Rimandato;0;NON DECEDUTO;;
1927336;18;18/11/2012 02:20;Strada Urbana;VIA DEL CASALE DI S. PIO V;in corrispondenza;;del civico n. ;15/Q;;Investimento di pedone;Rettilineo;Una carreggiata a doppio senso;Asciutto;Asfaltata;Verticale ed orizzontale;Sereno;Scarso;Sufficiente;Sufficiente;1;0;0;1;;;-1;2;Autovettura privata;In marcia / fermata / arresto;Conducente;M;Illeso;0;;Non accertato;Inesploso
1927337;7;17/11/2012 16:55;Strada Urbana;VIA MOLFETTA;in prossimità;;del civico n. ;22;;Scontro frontale/laterale DX fra veicoli in marcia;Rettilineo;Una carreggiata a doppio senso;Asciutto;Asfaltata;Orizzontale;Sereno;Normale;Buona;Sufficiente;1;0;0;1;;;-1;1;Autovettura privata;In marcia / fermata / arresto;Conducente;M;Illeso;0;;Non accertato;Inesploso
1927337;7;17/11/2012 16:55;Strada Urbana;VIA MOLFETTA;in prossimità;;del civico n. ;22;;Scontro frontale/laterale DX fra veicoli in marcia;Rettilineo;Una carreggiata a doppio senso;Asciutto;Asfaltata;Orizzontale;Sereno;Normale;Buona;Sufficiente;1;0;0;1;;;-1;2;Motociclo a solo;In marcia / fermata / arresto;Conducente;M;Rimandato;0;NON DECEDUTO;Non accertato;Inesistente
1927338;7;18/11/2012 02:45;Strada Urbana;VIA TARANTO;all'intersezione con;VIA AOSTA;VIA AOSTA;;;Scontro frontale/laterale DX fra veicoli in marcia;Intersezione semaforizzata;Una carreggiata a doppio senso;Bagnato (pioggia);Asfaltata;Verticale ed orizzontale;Pioggia in atto;Scarso;Sufficiente;Sufficiente;3;0;0;0;;;-1;1;Autovettura privata;In marcia / fermata / arresto;Conducente;M;Rimandato;0;NON DECEDUTO;Non accertato;Inesistente
1927338;7;18/11/2012 02:45;Strada Urbana;VIA TARANTO;all'intersezione con;VIA AOSTA;VIA AOSTA;;;Scontro frontale/laterale DX fra veicoli in marcia;Intersezione semaforizzata;Una carreggiata a doppio senso;Bagnato (pioggia);Asfaltata;Verticale ed orizzontale;Pioggia in atto;Scarso;Sufficiente;Sufficiente;3;0;0;0;;;-1;1;Autovettura privata;In marcia / fermata / arresto;Passeggero;M;Rimandato;0;NON DECEDUTO;Non accertato;Esploso
1927338;7;18/11/2012 02:45;Strada Urbana;VIA TARANTO;all'intersezione con;VIA AOSTA;VIA AOSTA;;;Scontro frontale/laterale DX fra veicoli in marcia;Intersezione semaforizzata;Una carreggiata a doppio senso;Bagnato (pioggia);Asfaltata;Verticale ed orizzontale;Pioggia in atto;Scarso;Sufficiente;Sufficiente;3;0;0;0;;;-1;2;Autovettura pubblica;In marcia / fermata / arresto;Conducente;M;Rimandato;0;NON DECEDUTO;Esente;Inesploso
1927339;1;18/11/2012 00:05;Strada Urbana;LUNGOTEVERE DEI VALLATI;in prossimità;;del civico n. ;18/20;;Tamponamento Multiplo;Curva a visuale libera;Una carreggiata a senso unico di marcia;Bagnato (pioggia);Asfaltata;Verticale ed orizzontale;Pioggia in atto;Normale;Buona;Sufficiente;1;0;0;6;;;-1;1;Autovettura privata;In marcia / fermata / arresto;Conducente;F;Illeso;0;;Non accertato;Inesistente
1927339;1;18/11/2012 00:05;Strada Urbana;LUNGOTEVERE DEI VALLATI;in prossimità;;del civico n. ;18/20;;Tamponamento Multiplo;Curva a visuale libera;Una carreggiata a senso unico di marcia;Bagnato (pioggia);Asfaltata;Verticale ed orizzontale;Pioggia in atto;Normale;Buona;Sufficiente;1;0;0;6;;;-1;1;Autovettura privata;In marcia / fermata / arresto;Passeggero;M;Illeso;0;;Non accertato;Inesistente
1927339;1;18/11/2012 00:05;Strada Urbana;LUNGOTEVERE DEI VALLATI;in prossimità;;del civico n. ;18/20;;Tamponamento Multiplo;Curva a visuale libera;Una carreggiata a senso unico di marcia;Bagnato (pioggia);Asfaltata;Verticale ed orizzontale;Pioggia in atto;Normale;Buona;Sufficiente;1;0;0;6;;;-1;2;Quadriciclo leggero;In marcia / fermata / arresto;Conducente;F;Illeso;0;;Non accertato;Inesistente
1927339;1;18/11/2012 00:05;Strada Urbana;LUNGOTEVERE DEI VALLATI;in prossimità;;del civico n. ;18/20;;Tamponamento Multiplo;Curva a visuale libera;Una carreggiata a senso unico di marcia;Bagnato (pioggia);Asfaltata;Verticale ed orizzontale;Pioggia in atto;Normale;Buona;Sufficiente;1;0;0;6;;;-1;2;Quadriciclo leggero;In marcia / fermata / arresto;Passeggero;F;Illeso;0;;Non accertato;Inesistente
1927339;1;18/11/2012 00:05;Strada Urbana;LUNGOTEVERE DEI VALLATI;in prossimità;;del civico n. ;18/20;;Tamponamento Multiplo;Curva a visuale libera;Una carreggiata a senso unico di marcia;Bagnato (pioggia);Asfaltata;Verticale ed orizzontale;Pioggia in atto;Normale;Buona;Sufficiente;1;0;0;6;;;-1;3;Autovettura privata;In marcia / fermata / arresto;Conducente;F;Illeso;0;;Non accertato;Inesistente
1927339;1;18/11/2012 00:05;Strada Urbana;LUNGOTEVERE DEI VALLATI;in prossimità;;del civico n. ;18/20;;Tamponamento Multiplo;Curva a visuale libera;Una carreggiata a senso unico di marcia;Bagnato (pioggia);Asfaltata;Verticale ed orizzontale;Pioggia in atto;Normale;Buona;Sufficiente;1;0;0;6;;;-1;3;Autovettura privata;In marcia / fermata / arresto;Passeggero;F;Illeso;0;;Non accertato;Inesistente
1927339;1;18/11/2012 00:05;Strada Urbana;LUNGOTEVERE DEI VALLATI;in prossimità;;del civico n. ;18/20;;Tamponamento Multiplo;Curva a visuale libera;Una carreggiata a senso unico di marcia;Bagnato (pioggia);Asfaltata;Verticale ed orizzontale;Pioggia in atto;Normale;Buona;Sufficiente;1;0;0;6;;;-1;3;Autovettura privata;In marcia / fermata / arresto;Passeggero;F;Rifiuta cure immediate;0;NON DECEDUTO;Non accertato;Inesistente
1927340;13;17/11/2012 14:50;Strada Urbana;PIAZZA TOLOSETTO FARINATA DEGLI UBERTI;da specificare;;;;altezza Via Capo Passero;Tamponamento;Rettilineo;Una carreggiata a doppio senso;Asciutto;Asfaltata;Verticale ed orizzontale;Nuvoloso;Normale;Buona;Ore Diurne;0;0;0;3;;;-1;1;Autovettura privata;In marcia / fermata / arresto;Conducente;M;Illeso;0;;Non accertato;Inesploso
1927340;13;17/11/2012 14:50;Strada Urbana;PIAZZA TOLOSETTO FARINATA DEGLI UBERTI;da specificare;;;;altezza Via Capo Passero;Tamponamento;Rettilineo;Una carreggiata a doppio senso;Asciutto;Asfaltata;Verticale ed orizzontale;Nuvoloso;Normale;Buona;Ore Diurne;0;0;0;3;;;-1;2;Autovettura di polizia;In marcia / fermata / arresto;Conducente;M;Illeso;0;;Non accertato;Inesploso
1927340;13;17/11/2012 14:50;Strada Urbana;PIAZZA TOLOSETTO FARINATA DEGLI UBERTI;da specificare;;;;altezza Via Capo Passero;Tamponamento;Rettilineo;Una carreggiata a doppio senso;Asciutto;Asfaltata;Verticale ed orizzontale;Nuvoloso;Normale;Buona;Ore Diurne;0;0;0;3;;;-1;2;Autovettura di polizia;In marcia / fermata / arresto;Passeggero;M;Illeso;0;;Non accertato;Inesistente
1927341;1;17/11/2012 00:20;Strada Urbana;VIA DEL TEATRO DI MARCELLO;in prossimità;;del palo luce n. ;12;;Tamponamento;Rettilineo;Due carreggiate;Asciutto;Asfaltata;Orizzontale;Sereno;Scarso;Sufficiente;Sufficiente;1;0;0;2;;;-1;1;Motociclo con passeggero;In marcia / fermata / arresto;Conducente;M;Rimandato;0;NON DECEDUTO;Utilizzato;Inesistente
1927341;1;17/11/2012 00:20;Strada Urbana;VIA DEL TEATRO DI MARCELLO;in prossimità;;del palo luce n. ;12;;Tamponamento;Rettilineo;Due carreggiate;Asciutto;Asfaltata;Orizzontale;Sereno;Scarso;Sufficiente;Sufficiente;1;0;0;2;;;-1;1;Motociclo con passeggero;In marcia / fermata / arresto;Passeggero;M;Illeso;0;;Utilizzato;Inesistente
1927341;1;17/11/2012 00:20;Strada Urbana;VIA DEL TEATRO DI MARCELLO;in prossimità;;del palo luce n. ;12;;Tamponamento;Rettilineo;Due carreggiate;Asciutto;Asfaltata;Orizzontale;Sereno;Scarso;Sufficiente;Sufficiente;1;0;0;2;;;-1;2;Autovettura pubblica;In marcia / fermata / arresto;Conducente;F;Illeso;0;;Utilizzato;Inesistente
1927342;1;16/11/2012 09:08;Strada Urbana;VIA DEL BOSCHETTO;da specificare;;;;VIA DEL FAGUTALE;Ribaltamento senza urto contro ostacolo fisso;Rettilineo;Una carreggiata a senso unico di marcia;Viscido da liquidi oleosi;Acciotolata;Verticale ed orizzontale;Nuvoloso;Scarso;Buona;Ore Diurne;1;0;0;0;;;-1;1;Ciclomotore;In marcia / fermata / arresto;Conducente;M;Rifiuta cure immediate;0;NON DECEDUTO;Non accertato;Inesistente
1927343;1;16/11/2012 09:08;Strada Urbana;VIA DEL BOSCHETTO;da specificare;;;;VIA DEL FAGUTALE ;Veicolo in marcia contro ostacolo accidentale;Rettilineo;Una carreggiata a senso unico di marcia;Viscido da liquidi oleosi;Acciotolata;Verticale ed orizzontale;Nuvoloso;Scarso;Buona;Ore Diurne;1;0;0;0;;;-1;1;Motociclo a solo;In marcia / fermata / arresto;Conducente;M;Rifiuta cure immediate;0;NON DECEDUTO;Non accertato;Inesistente
1927344;1;16/11/2012 12:05;Strada Urbana;VIA DEL PLEBISCITO;all'intersezione con;VIA DEGLI ASTALLI;VIA DEGLI ASTALLI;;;Scontro laterale fra veicoli in marcia;Incrocio;Una carreggiata a doppio senso;Asciutto;Acciotolata;Verticale ed orizzontale;Nuvoloso;Intenso;Buona;Ore Diurne;1;0;0;2;;;-1;1;Autovettura privata;In marcia / fermata / arresto;Conducente;M;Illeso;0;;Non accertato;Inesistente
1927344;1;16/11/2012 12:05;Strada Urbana;VIA DEL PLEBISCITO;all'intersezione con;VIA DEGLI ASTALLI;VIA DEGLI ASTALLI;;;Scontro laterale fra veicoli in marcia;Incrocio;Una carreggiata a doppio senso;Asciutto;Acciotolata;Verticale ed orizzontale;Nuvoloso;Intenso;Buona;Ore Diurne;1;0;0;2;;;-1;1;Autovettura privata;In marcia / fermata / arresto;Passeggero;M;Illeso;0;;Non accertato;Inesistente
1927344;1;16/11/2012 12:05;Strada Urbana;VIA DEL PLEBISCITO;all'intersezione con;VIA DEGLI ASTALLI;VIA DEGLI ASTALLI;;;Scontro laterale fra veicoli in marcia;Incrocio;Una carreggiata a doppio senso;Asciutto;Acciotolata;Verticale ed orizzontale;Nuvoloso;Intenso;Buona;Ore Diurne;1;0;0;2;;;-1;2;Motociclo a solo;In marcia / fermata / arresto;Conducente;M;Rifiuta cure immediate;0;NON DECEDUTO;Non accertato;Inesistente
1927345;1;16/11/2012 15:30;Strada Urbana;VIA FRANCESCO CRISPI;in prossimità;;del civico n. ;41;;Veicolo in marcia contro veicolo fermo;Rettilineo;Una carreggiata a senso unico di marcia;Asciutto;Acciotolata;Verticale ed orizzontale;Sereno;Scarso;Buona;Ore Diurne;1;0;0;2;;;-1;1;Motociclo a solo;In marcia / fermata / arresto;Conducente;M;Rimandato;0;NON DECEDUTO;Non accertato;Inesistente
1927345;1;16/11/2012 15:30;Strada Urbana;VIA FRANCESCO CRISPI;in prossimità;;del civico n. ;41;;Veicolo in marcia contro veicolo fermo;Rettilineo;Una carreggiata a senso unico di marcia;Asciutto;Acciotolata;Verticale ed orizzontale;Sereno;Scarso;Buona;Ore Diurne;1;0;0;2;;;-1;2;Autovettura privata;In marcia / fermata / arresto;Conducente;M;Illeso;0;;Non accertato;Inesistente
1927345;1;16/11/2012 15:30;Strada Urbana;VIA FRANCESCO CRISPI;in prossimità;;del civico n. ;41;;Veicolo in marcia contro veicolo fermo;Rettilineo;Una carreggiata a senso unico di marcia;Asciutto;Acciotolata;Verticale ed orizzontale;Sereno;Scarso;Buona;Ore Diurne;1;0;0;2;;;-1;2;Autovettura privata;In marcia / fermata / arresto;Passeggero;F;Illeso;0;;Non accertato;Inesistente
1927346;1;16/11/2012 15:30;Strada Urbana;VIA DI PORTA MAGGIORE;in prossimità;;del civico n. ;41;;Veicolo in marcia contro veicolo arresto;Rettilineo;Una carreggiata a doppio senso;Asciutto;Asfaltata;Verticale ed orizzontale;Sereno;Normale;Buona;Sufficiente;0;0;0;1;;;-1;2;Autobus urbano;In marcia / fermata / arresto;Conducente;M;Illeso;0;;Esente;Inesploso
1927347;1;16/11/2012 19:35;Strada Urbana;PIAZZA DI PORTA S. GIOVANNI;in prossimità;;del palo luce n. ;71;;Investimento di pedone;Rettilineo;Una carreggiata a doppio senso;Asciutto;Asfaltata;Verticale ed orizzontale;Sereno;Intenso;Sufficiente;Sufficiente;2;0;0;1;;;-1;;;;Pedone;M;Rimandato;0;NON DECEDUTO;;
1927347;1;16/11/2012 19:35;Strada Urbana;PIAZZA DI PORTA S. GIOVANNI;in prossimità;;del palo luce n. ;71;;Investimento di pedone;Rettilineo;Una carreggiata a doppio senso;Asciutto;Asfaltata;Verticale ed orizzontale;Sereno;Intenso;Sufficiente;Sufficiente;2;0;0;1;;;-1;;;;Pedone;F;Rimandato;0;NON DECEDUTO;;
1927347;1;16/11/2012 19:35;Strada Urbana;PIAZZA DI PORTA S. GIOVANNI;in prossimità;;del palo luce n. ;71;;Investimento di pedone;Rettilineo;Una carreggiata a doppio senso;Asciutto;Asfaltata;Verticale ed orizzontale;Sereno;Intenso;Sufficiente;Sufficiente;2;0;0;1;;;-1;1;Autovettura privata;In marcia / fermata / arresto;Conducente;F;Illeso;0;;Non accertato;Inesistente
1927348;13;17/11/2012 20:30;Strada Urbana;VIALE DELLA VILLA DI PLINIO;da specificare;;;;DIREZIONE VIA C. COLOMBO;Veicolo in marcia contro ostacolo fisso;Rettilineo;Due carreggiate;Asciutto;Asfaltata;Orizzontale;Nuvoloso;Scarso;Buona;Inesistente;0;0;0;1;;;-1;1;Autovettura privata;In marcia / fermata / arresto;Conducente;M;Illeso;0;;Non accertato;Inesistente
1927349;13;17/11/2012 17:45;Strada Urbana;VIA ERNESTO BOEZI;all'intersezione con;VIA FRANCESCO CILEA;VIA FRANCESCO CILEA;;;Scontro laterale fra veicoli in marcia;Rotatoria;Una carreggiata a doppio senso;Asciutto;Asfaltata;Verticale ed orizzontale;Sereno;Normale;Buona;Sufficiente;0;0;0;2;;;-1;1;Autovettura privata;In marcia / fermata / arresto;Conducente;M;Illeso;0;;Non accertato;Inesploso
1927349;13;17/11/2012 17:45;Strada Urbana;VIA ERNESTO BOEZI;all'intersezione con;VIA FRANCESCO CILEA;VIA FRANCESCO CILEA;;;Scontro laterale fra veicoli in marcia;Rotatoria;Una carreggiata a doppio senso;Asciutto;Asfaltata;Verticale ed orizzontale;Sereno;Normale;Buona;Sufficiente;0;0;0;2;;;-1;2;Motociclo con passeggero;In marcia / fermata / arresto;Conducente;M;Illeso;0;;Non accertato;Inesistente
1927350;1;18/11/2012 11:40;Strada Urbana;LUNGOTEVERE DE' CENCI;all'intersezione semaforizzata con;PONTE GARIBALDI;PONTE GARIBALDI;;;Tamponamento;Intersezione semaforizzata;Una carreggiata a senso unico di marcia;Asciutto;Asfaltata;Verticale ed orizzontale;Nuvoloso;Normale;Buona;Ore Diurne;0;0;0;3;;;-1;1;Autovettura privata;In marcia / fermata / arresto;Conducente;M;Illeso;0;;Non accertato;Inesploso
1927350;1;18/11/2012 11:40;Strada Urbana;LUNGOTEVERE DE' CENCI;all'intersezione semaforizzata con;PONTE GARIBALDI;PONTE GARIBALDI;;;Tamponamento;Intersezione semaforizzata;Una carreggiata a senso unico di marcia;Asciutto;Asfaltata;Verticale ed orizzontale;Nuvoloso;Normale;Buona;Ore Diurne;0;0;0;3;;;-1;1;Autovettura privata;In marcia / fermata / arresto;Passeggero;M;Illeso;0;;Non accertato;Inesistente
1927350;1;18/11/2012 11:40;Strada Urbana;LUNGOTEVERE DE' CENCI;all'intersezione semaforizzata con;PONTE GARIBALDI;PONTE GARIBALDI;;;Tamponamento;Intersezione semaforizzata;Una carreggiata a senso unico di marcia;Asciutto;Asfaltata;Verticale ed orizzontale;Nuvoloso;Normale;Buona;Ore Diurne;0;0;0;3;;;-1;2;Autovettura privata;In marcia / fermata / arresto;Conducente;F;Illeso;0;;Non accertato;Inesistente
1927351;8;17/11/2012 06:15;Strada Urbana;VIA DI LUNGHEZZINA;in corrispondenza;;del civico n. ;302;;Veicolo in marcia contro ostacolo accidentale;Rettilineo;Una carreggiata a doppio senso;Asciutto;Asfaltata;Orizzontale;Sereno;Scarso;Buona;Ore Diurne;0;0;0;6;;;-1;1;Autovettura privata;In marcia / fermata / arresto;Conducente;M;Illeso;0;;Non accertato;Inesistente
1927351;8;17/11/2012 06:15;Strada Urbana;VIA DI LUNGHEZZINA;in corrispondenza;;del civico n. ;302;;Veicolo in marcia contro ostacolo accidentale;Rettilineo;Una carreggiata a doppio senso;Asciutto;Asfaltata;Orizzontale;Sereno;Scarso;Buona;Ore Diurne;0;0;0;6;;;-1;2;Autovettura privata;In marcia / fermata / arresto;Conducente;F;Illeso;0;;Non accertato;Inesploso
1927351;8;17/11/2012 06:15;Strada Urbana;VIA DI LUNGHEZZINA;in corrispondenza;;del civico n. ;302;;Veicolo in marcia contro ostacolo accidentale;Rettilineo;Una carreggiata a doppio senso;Asciutto;Asfaltata;Orizzontale;Sereno;Scarso;Buona;Ore Diurne;0;0;0;6;;;-1;2;Autovettura privata;In marcia / fermata / arresto;Passeggero;F;Illeso;0;;Non accertato;Inesploso
1927351;8;17/11/2012 06:15;Strada Urbana;VIA DI LUNGHEZZINA;in corrispondenza;;del civico n. ;302;;Veicolo in marcia contro ostacolo accidentale;Rettilineo;Una carreggiata a doppio senso;Asciutto;Asfaltata;Orizzontale;Sereno;Scarso;Buona;Ore Diurne;0;0;0;6;;;-1;2;Autovettura privata;In marcia / fermata / arresto;Passeggero;F;Illeso;0;;Non accertato;Inesistente
1927351;8;17/11/2012 06:15;Strada Urbana;VIA DI LUNGHEZZINA;in corrispondenza;;del civico n. ;302;;Veicolo in marcia contro ostacolo accidentale;Rettilineo;Una carreggiata a doppio senso;Asciutto;Asfaltata;Orizzontale;Sereno;Scarso;Buona;Ore Diurne;0;0;0;6;;;-1;2;Autovettura privata;In marcia / fermata / arresto;Passeggero;F;Illeso;0;;Non accertato;Inesploso
1927351;8;17/11/2012 06:15;Strada Urbana;VIA DI LUNGHEZZINA;in corrispondenza;;del civico n. ;302;;Veicolo in marcia contro ostacolo accidentale;Rettilineo;Una carreggiata a doppio senso;Asciutto;Asfaltata;Orizzontale;Sereno;Scarso;Buona;Ore Diurne;0;0;0;6;;;-1;2;Autovettura privata;In marcia / fermata / arresto;Passeggero;F;Illeso;0;;Non accertato;Inesistente
1927352;8;17/11/2012 10:00;Strada Urbana;VIALE ANTONIO CIAMARRA;in corrispondenza;;del palo luce n. ;118;;Scontro laterale fra veicoli in marcia;Rettilineo;Una carreggiata a senso unico alternato;Asciutto;Asfaltata;Verticale ed orizzontale;Sereno;Normale;Buona;Ore Diurne;1;0;0;1;;;-1;1;Autovettura privata;In marcia / fermata / arresto;Conducente;F;Rifiuta cure immediate;0;NON DECEDUTO;Non accertato;Inesploso
1927352;8;17/11/2012 10:00;Strada Urbana;VIALE ANTONIO CIAMARRA;in corrispondenza;;del palo luce n. ;118;;Scontro laterale fra veicoli in marcia;Rettilineo;Una carreggiata a senso unico alternato;Asciutto;Asfaltata;Verticale ed orizzontale;Sereno;Normale;Buona;Ore Diurne;1;0;0;1;;;-1;2;Autovettura privata;In marcia / fermata / arresto;Conducente;M;Illeso;0;;Non accertato;Inesistente