Protocollo;Gruppo;DataOraIncidente;Localizzazione1;STRADA1;Localizzazione2;STRADA2;Strada02;Chilometrica;DaSpecificare;NaturaIncidente;particolaritastrade;TipoStrada;FondoStradale;Pavimentazione;Segnaletica;CondizioneAtmosferica;Traffico;Visibilita;Illuminazione;NUM_FERITI;NUM_RISERVATA;NUM_MORTI;NUM_ILLESI;Longitudine;Latitudine;Confermato;Progressivo;TipoVeicolo;StatoVeicolo;TipoPersona;Sesso;Tipolesione;Deceduto;DecedutoDopo;CinturaCascoUtilizzato;Airbag
1927540;18;18/11/2012 21:00;Strada Urbana;VIA DI ACQUAFREDDA;da specificare;;;;fronte civico 134;Fuoriuscita dalla sede stradale;Curva a visuale libera;Una carreggiata a doppio senso;Bagnato (pioggia);Asfaltata;Orizzontale;Pioggia in atto;Scarso;Sufficiente;Sufficiente;4;0;0;0;;;-1;1;Autovettura privata;In marcia / fermata / arresto;Conducente;M;Rifiuta cure immediate;0;NON DECEDUTO;Non accertato;Inesploso
1927540;18;18/11/2012 21:00;Strada Urbana;VIA DI ACQUAFREDDA;da specificare;;;;fronte civico 134;Fuoriuscita dalla sede stradale;Curva a visuale libera;Una carreggiata a doppio senso;Bagnato (pioggia);Asfaltata;Orizzontale;Pioggia in atto;Scarso;Sufficiente;Sufficiente;4;0;0;0;;;-1;1;Autovettura privata;In marcia / fermata / arresto;Passeggero;F;Rifiuta cure immediate;0;NON DECEDUTO;Non accertato;Inesistente
1927540;18;18/11/2012 21:00;Strada Urbana;VIA DI ACQUAFREDDA;da specificare;;;;fronte civico 134;Fuoriuscita dalla sede stradale;Curva a visuale libera;Una carreggiata a doppio senso;Bagnato (pioggia);Asfaltata;Orizzontale;Pioggia in atto;Scarso;Sufficiente;Sufficiente;4;0;0;0;;;-1;1;Autovettura privata;In marcia / fermata / arresto;Passeggero;M;Rifiuta cure immediate;0;NON DECEDUTO;Non accertato;Inesistente
1927540;18;18/11/2012 21:00;Strada Urbana;VIA DI ACQUAFREDDA;da specificare;;;;fronte civico 134;Fuoriuscita dalla sede stradale;Curva a visuale libera;Una carreggiata a doppio senso;Bagnato (pioggia);Asfaltata;Orizzontale;Pioggia in atto;Scarso;Sufficiente;Sufficiente;4;0;0;0;;;-1;1;Autovettura privata;In marcia / fermata / arresto;Passeggero;F;Rifiuta cure immediate;0;NON DECEDUTO;Non accertato;Inesistente
1927541;19;19/11/2012 16:45;Strada Urbana;VIA VINCENZO CHIARUGI;da specificare;;;;prossimita santa maria della pietà;Investimento di pedone;Rettilineo;Una carreggiata a doppio senso;Asciutto;Asfaltata;Orizzontale;Sereno;Normale;Buona;Ore Diurne;1;0;0;1;;;-1;;;;Pedone;F;Rimandato;0;NON DECEDUTO;;
1927541;19;19/11/2012 16:45;Strada Urbana;VIA VINCENZO CHIARUGI;da specificare;;;;prossimita santa maria della pietà;Investimento di pedone;Rettilineo;Una carreggiata a doppio senso;Asciutto;Asfaltata;Orizzontale;Sereno;Normale;Buona;Ore Diurne;1;0;0;1;;;-1;1;Autovettura privata;In marcia / fermata / arresto;Conducente;M;Illeso;0;;Non accertato;Inesistente
1927542;4;16/11/2012 10:40;Strada Urbana;VIALE ADRIATICO;in corrispondenza;;del civico n. ;13;;Scontro frontale fra veicoli in marcia;Rettilineo;Una carreggiata a senso unico di marcia;Asciutto;Asfaltata;Orizzontale;Sereno;Normale;Buona;Ore Diurne;1;0;0;1;;;-1;1;Motociclo a solo;In marcia / fermata / arresto;Conducente;M;Rifiuta cure immediate;0;NON DECEDUTO;Non accertato;Inesistente
1927542;4;16/11/2012 10:40;Strada Urbana;VIALE ADRIATICO;in corrispondenza;;del civico n. ;13;;Scontro frontale fra veicoli in marcia;Rettilineo;Una carreggiata a senso unico di marcia;Asciutto;Asfaltata;Orizzontale;Sereno;Normale;Buona;Ore Diurne;1;0;0;1;;;-1;2;Autovettura privata;In marcia / fermata / arresto;Conducente;F;Illeso;0;;Non accertato;Inesistente
1927543;18;19/11/2012 10:20;Strada Urbana;VIA DI ACQUAFREDDA;da specificare;;;;fronte civico 177;Scontro frontale/laterale DX fra veicoli in marcia;Rettilineo;Una carreggiata a doppio senso;Asciutto;Asfaltata;Verticale ed orizzontale;Nuvoloso;Normale;Buona;Ore Diurne;0;0;0;2;;;-1;1;Autovettura privata;In marcia / fermata / arresto;Conducente;M;Illeso;0;;Non accertato;Inesploso
1927543;18;19/11/2012 10:20;Strada Urbana;VIA DI ACQUAFREDDA;da specificare;;;;fronte civico 177;Scontro frontale/laterale DX fra veicoli in marcia;Rettilineo;Una carreggiata a doppio senso;Asciutto;Asfaltata;Verticale ed orizzontale;Nuvoloso;Normale;Buona;Ore Diurne;0;0;0;2;;;-1;2;Motociclo a solo;In marcia / fermata / arresto;Conducente;M;Illeso;0;;Non accertato;Inesploso
1927544;1;19/11/2012 09:00;Strada Urbana;VIA NAPOLEONE III;in prossimità;;del civico n. ;4/a;;Infortunio per sola frenata improvvisa;Rettilineo;Una carreggiata a doppio senso;Bagnato (umidità in atto);Asfaltata;Verticale ed orizzontale;Nuvoloso;Scarso;Buona;Ore Diurne;1;0;0;0;;;-1;1;Motociclo a solo;In marcia / fermata / arresto;Conducente;M;Rifiuta cure immediate;0;NON DECEDUTO;Non accertato;Inesistente
1927545;1;19/11/2012 09:55;Strada Urbana;PIAZZA DI S. GIOVANNI IN LATERANO;all'intersezione semaforizzata con;VIA MERULANA;VIA MERULANA;;;Scontro laterale fra veicoli in marcia;Incrocio;Una carreggiata a doppio senso;Asciutto;Asfaltata;Verticale ed orizzontale;Nuvoloso;Normale;Buona;Ore Diurne;0;0;0;2;;;-1;1;Autovettura privata;In marcia / fermata / arresto;Conducente;F;Illeso;0;;Non accertato;Inesistente
1927545;1;19/11/2012 09:55;Strada Urbana;PIAZZA DI S. GIOVANNI IN LATERANO;all'intersezione semaforizzata con;VIA MERULANA;VIA MERULANA;;;Scontro laterale fra veicoli in marcia;Incrocio;Una carreggiata a doppio senso;Asciutto;Asfaltata;Verticale ed orizzontale;Nuvoloso;Normale;Buona;Ore Diurne;0;0;0;2;;;-1;2;Autovettura privata;In marcia / fermata / arresto;Conducente;M;Illeso;0;;Non accertato;Inesistente
1927546;1;15/11/2012 10:50;Strada Urbana;LUNGOTEVERE TESTACCIO;in prossimità;;del palo luce n. ;45;;Veicolo in marcia contro ostacolo accidentale;Rettilineo;Una carreggiata a doppio senso;Asciutto;Con buche;Assente;Nuvoloso;Scarso;Buona;Ore Diurne;0;0;0;1;;;-1;1;Autovettura di polizia;In marcia / fermata / arresto;Conducente;M;Illeso;0;;Non accertato;Inesistente
1927547;1;19/11/2012 11:40;Strada Urbana;LUNGOTEVERE TOR DI NONA;in prossimità;;del palo luce n. ;8;;Scontro frontale/laterale SX fra veicoli in marcia;Rettilineo;Una carreggiata a senso unico di marcia;Asciutto;Asfaltata;Verticale ed orizzontale;Nuvoloso;Normale;Buona;Ore Diurne;1;0;0;2;;;-1;2;Motociclo a solo;In marcia / fermata / arresto;Conducente;F;Rimandato;0;NON DECEDUTO;Non accertato;Inesistente
1927547;1;19/11/2012 11:40;Strada Urbana;LUNGOTEVERE TOR DI NONA;in prossimità;;del palo luce n. ;8;;Scontro frontale/laterale SX fra veicoli in marcia;Rettilineo;Una carreggiata a senso unico di marcia;Asciutto;Asfaltata;Verticale ed orizzontale;Nuvoloso;Normale;Buona;Ore Diurne;1;0;0;2;;;-1;3;Autovettura privata;In marcia / fermata / arresto;Conducente;F;Illeso;0;;Non accertato;Inesistente
1927547;1;19/11/2012 11:40;Strada Urbana;LUNGOTEVERE TOR DI NONA;in prossimità;;del palo luce n. ;8;;Scontro frontale/laterale SX fra veicoli in marcia;Rettilineo;Una carreggiata a senso unico di marcia;Asciutto;Asfaltata;Verticale ed orizzontale;Nuvoloso;Normale;Buona;Ore Diurne;1;0;0;2;;;-1;3;Autovettura privata;In marcia / fermata / arresto;Passeggero;F;Illeso;0;;Non accertato;Inesistente
1927548;9;19/11/2012 17:15;Strada Urbana;VIA MAGNAGRECIA;in corrispondenza;;del civico n. ;101;;Investimento di pedone;Rettilineo;Una carreggiata a doppio senso;Asciutto;Asfaltata;Orizzontale;Sereno;Intenso;Buona;Sufficiente;1;0;0;1;;;-1;;;;Pedone;F;Rimandato;0;NON DECEDUTO;;
1927548;9;19/11/2012 17:15;Strada Urbana;VIA MAGNAGRECIA;in corrispondenza;;del civico n. ;101;;Investimento di pedone;Rettilineo;Una carreggiata a doppio senso;Asciutto;Asfaltata;Orizzontale;Sereno;Intenso;Buona;Sufficiente;1;0;0;1;;;-1;1;Motociclo a solo;In marcia / fermata / arresto;Conducente;M;Illeso;0;;Non accertato;Inesistente
1927549;16;16/11/2012 13:50;Strada Urbana;VIA DELLA PISANA;in prossimità;;del civico n. ;342;;Tamponamento;Rettilineo;Una carreggiata a doppio senso;Asciutto;Asfaltata;Verticale ed orizzontale;Sereno;Normale;Buona;Ore Diurne;0;0;0;2;;;-1;1;Ciclomotore;In marcia / fermata / arresto;Conducente;M;Illeso;0;;Non accertato;Inesistente
1927549;16;16/11/2012 13:50;Strada Urbana;VIA DELLA PISANA;in prossimità;;del civico n. ;342;;Tamponamento;Rettilineo;Una carreggiata a doppio senso;Asciutto;Asfaltata;Verticale ed orizzontale;Sereno;Normale;Buona;Ore Diurne;0;0;0;2;;;-1;2;Autovettura privata;In marcia / fermata / arresto;Conducente;F;Illeso;0;;Non accertato;Inesistente
1927550;18;19/11/2012 08:25;Strada Urbana;VIA DI BOCCEA;all'intersezione con;VIA DI SELVA CANDIDA;VIA DI SELVA CANDIDA;;;Scontro frontale/laterale DX fra veicoli in marcia;Intersezione stradale segnalata;Una carreggiata a doppio senso;Bagnato (pioggia);Asfaltata;Verticale ed orizzontale;Nuvoloso;Intenso;Buona;Ore Diurne;0;0;0;3;;;-1;1;Autovettura privata;In marcia / fermata / arresto;Conducente;M;Illeso;0;;Non accertato;Inesploso
1927550;18;19/11/2012 08:25;Strada Urbana;VIA DI BOCCEA;all'intersezione con;VIA DI SELVA CANDIDA;VIA DI SELVA CANDIDA;;;Scontro frontale/laterale DX fra veicoli in marcia;Intersezione stradale segnalata;Una carreggiata a doppio senso;Bagnato (pioggia);Asfaltata;Verticale ed orizzontale;Nuvoloso;Intenso;Buona;Ore Diurne;0;0;0;3;;;-1;2;Autovettura privata;In marcia / fermata / arresto;Conducente;M;Illeso;0;;Non accertato;Inesploso
1927550;18;19/11/2012 08:25;Strada Urbana;VIA DI BOCCEA;all'intersezione con;VIA DI SELVA CANDIDA;VIA DI SELVA CANDIDA;;;Scontro frontale/laterale DX fra veicoli in marcia;Intersezione stradale segnalata;Una carreggiata a doppio senso;Bagnato (pioggia);Asfaltata;Verticale ed orizzontale;Nuvoloso;Intenso;Buona;Ore Diurne;0;0;0;3;;;-1;2;Autovettura privata;In marcia / fermata / arresto;Passeggero;F;Illeso;0;;Non accertato;Inesploso
1927551;4;17/11/2012 14:45;Strada Urbana;VIA DI CASAL BOCCONE;all'intersezione con;VIA UGO OJETTI;VIA UGO OJETTI;;;Scontro frontale/laterale DX fra veicoli in marcia;Rotatoria;Una carreggiata a senso unico di marcia;Asciutto;Asfaltata;Verticale ed orizzontale;Sereno;Normale;Buona;Ore Diurne;0;0;0;3;;;-1;1;Autovettura privata;In marcia / fermata / arresto;Conducente;F;Illeso;0;;Non accertato;Inesistente
1927551;4;17/11/2012 14:45;Strada Urbana;VIA DI CASAL BOCCONE;all'intersezione con;VIA UGO OJETTI;VIA UGO OJETTI;;;Scontro frontale/laterale DX fra veicoli in marcia;Rotatoria;Una carreggiata a senso unico di marcia;Asciutto;Asfaltata;Verticale ed orizzontale;Sereno;Normale;Buona;Ore Diurne;0;0;0;3;;;-1;2;Autocarro inferiore 35 q.;In marcia / fermata / arresto;Conducente;M;Illeso;0;;Non accertato;Inesistente
1927551;4;17/11/2012 14:45;Strada Urbana;VIA DI CASAL BOCCONE;all'intersezione con;VIA UGO OJETTI;VIA UGO OJETTI;;;Scontro frontale/laterale DX fra veicoli in marcia;Rotatoria;Una carreggiata a senso unico di marcia;Asciutto;Asfaltata;Verticale ed orizzontale;Sereno;Normale;Buona;Ore Diurne;0;0;0;3;;;-1;2;Autocarro inferiore 35 q.;In marcia / fermata / arresto;Passeggero;M;Illeso;0;;Non accertato;Inesistente
1927552;16;16/11/2012 15:10;Strada Urbana;VIA PIO FOA';da specificare;;;;IN PROSSIMITA' DI VIA VITELLIA;Investimento di pedone;Rettilineo;Una carreggiata a doppio senso;Asciutto;Asfaltata;Verticale ed orizzontale;Sereno;Normale;Buona;Ore Diurne;1;0;0;1;;;-1;;;;Pedone;F;Ricoverato;0;NON DECEDUTO;;
1927552;16;16/11/2012 15:10;Strada Urbana;VIA PIO FOA';da specificare;;;;IN PROSSIMITA' DI VIA VITELLIA;Investimento di pedone;Rettilineo;Una carreggiata a doppio senso;Asciutto;Asfaltata;Verticale ed orizzontale;Sereno;Normale;Buona;Ore Diurne;1;0;0;1;;;-1;1;Motociclo a solo;In marcia / fermata / arresto;Conducente;M;Illeso;0;;Non accertato;Inesistente
1927553;7;19/11/2012 16:15;Strada Urbana;PIAZZA DEI MIRTI;in prossimità;;del civico n. ;28;;Veicolo in marcia contro veicolo fermo;Rotatoria;Una carreggiata a senso unico di marcia;Bagnato (pioggia);Asfaltata;Verticale ed orizzontale;Nuvoloso;Normale;Buona;Ore Diurne;0;0;0;5;;;-1;1;Autovettura privata;Sosta;Conducente;M;Illeso;0;;Non accertato;Inesploso
1927553;7;19/11/2012 16:15;Strada Urbana;PIAZZA DEI MIRTI;in prossimità;;del civico n. ;28;;Veicolo in marcia contro veicolo fermo;Rotatoria;Una carreggiata a senso unico di marcia;Bagnato (pioggia);Asfaltata;Verticale ed orizzontale;Nuvoloso;Normale;Buona;Ore Diurne;0;0;0;5;;;-1;2;Autovettura privata;In marcia / fermata / arresto;Conducente;F;Illeso;0;;Non accertato;Inesistente
1927553;7;19/11/2012 16:15;Strada Urbana;PIAZZA DEI MIRTI;in prossimità;;del civico n. ;28;;Veicolo in marcia contro veicolo fermo;Rotatoria;Una carreggiata a senso unico di marcia;Bagnato (pioggia);Asfaltata;Verticale ed orizzontale;Nuvoloso;Normale;Buona;Ore Diurne;0;0;0;5;;;-1;2;Autovettura privata;In marcia / fermata / arresto;Passeggero;F;Illeso;0;;Non accertato;Inesistente
1927553;7;19/11/2012 16:15;Strada Urbana;PIAZZA DEI MIRTI;in prossimità;;del civico n. ;28;;Veicolo in marcia contro veicolo fermo;Rotatoria;Una carreggiata a senso unico di marcia;Bagnato (pioggia);Asfaltata;Verticale ed orizzontale;Nuvoloso;Normale;Buona;Ore Diurne;0;0;0;5;;;-1;2;Autovettura privata;In marcia / fermata / arresto;Passeggero;F;Illeso;0;;Non accertato;Inesistente
1927553;7;19/11/2012 16:15;Strada Urbana;PIAZZA DEI MIRTI;in prossimità;;del civico n. ;28;;Veicolo in marcia contro veicolo fermo;Rotatoria;Una carreggiata a senso unico di marcia;Bagnato (pioggia);Asfaltata;Verticale ed orizzontale;Nuvoloso;Normale;Buona;Ore Diurne;0;0;0;5;;;-1;2;Autovettura privata;In marcia / fermata / arresto;Passeggero;F;Illeso;0;;Non accertato;Inesistente
1927554;7;19/11/2012 16:45;Strada Urbana;VIA PAPIRIA;all'intersezione con;VIA CALPURNIO PISONE;VIA CALPURNIO PISONE;;;Scontro frontale/laterale DX fra veicoli in marcia;Incrocio;Una carreggiata a doppio senso;Bagnato (pioggia);Asfaltata;Verticale ed orizzontale;Nuvoloso;Intenso;Buona;Ore Diurne;0;0;0;2;;;-1;1;Motociclo a solo;In marcia / fermata / arresto;Conducente;M;Illeso;0;;Non accertato;Inesistente
1927554;7;19/11/2012 16:45;Strada Urbana;VIA PAPIRIA;all'intersezione con;VIA CALPURNIO PISONE;VIA CALPURNIO PISONE;;;Scontro frontale/laterale DX fra veicoli in marcia;Incrocio;Una carreggiata a doppio senso;Bagnato (pioggia);Asfaltata;Verticale ed orizzontale;Nuvoloso;Intenso;Buona;Ore Diurne;0;0;0;2;;;-1;2;Autovettura privata;In marcia / fermata / arresto;Conducente;F;Illeso;0;;Non accertato;Inesistente
1927555;16;16/11/2012 20:10;Strada Urbana;VIA DEI GONZAGA;in corrispondenza;;del civico n. ;16;;Scontro frontale/laterale DX fra veicoli in marcia;Curva a visuale libera;Una carreggiata a senso unico di marcia;Asciutto;Asfaltata;Assente;Nuvoloso;Scarso;Insufficiente;Insufficiente;0;0;0;2;;;-1;1;Motociclo a solo;In marcia / fermata / arresto;Conducente;M;Illeso;0;;Non accertato;Inesistente
1927555;16;16/11/2012 20:10;Strada Urbana;VIA DEI GONZAGA;in corrispondenza;;del civico n. ;16;;Scontro frontale/laterale DX fra veicoli in marcia;Curva a visuale libera;Una carreggiata a senso unico di marcia;Asciutto;Asfaltata;Assente;Nuvoloso;Scarso;Insufficiente;Insufficiente;0;0;0;2;;;-1;2;Autovettura privata;In marcia / fermata / arresto;Conducente;F;Illeso;0;;Non accertato;Inesploso
1927556;11;19/11/2012 11:15;Strada Urbana;VIA ARDEATINA;in prossimità;;del civico n. ;802;;Veicolo in marcia contro ostacolo fisso;Curva a visuale libera;Una carreggiata a doppio senso;Asciutto;Asfaltata;Verticale;Sereno;Normale;Buona;Ore Diurne;0;0;0;4;;;-1;1;Autovettura privata;In marcia / fermata / arresto;Conducente;M;Illeso;0;;Non accertato;Inesploso
1927556;11;19/11/2012 11:15;Strada Urbana;VIA ARDEATINA;in prossimità;;del civico n. ;802;;Veicolo in marcia contro ostacolo fisso;Curva a visuale libera;Una carreggiata a doppio senso;Asciutto;Asfaltata;Verticale;Sereno;Normale;Buona;Ore Diurne;0;0;0;4;;;-1;1;Autovettura privata;In marcia / fermata / arresto;Passeggero;M;Illeso;0;;Non accertato;Inesistente
1927556;11;19/11/2012 11:15;Strada Urbana;VIA ARDEATINA;in prossimità;;del civico n. ;802;;Veicolo in marcia contro ostacolo fisso;Curva a visuale libera;Una carreggiata a doppio senso;Asciutto;Asfaltata;Verticale;Sereno;Normale;Buona;Ore Diurne;0;0;0;4;;;-1;1;Autovettura privata;In marcia / fermata / arresto;Passeggero;M;Illeso;0;;Non accertato;Inesistente
1927556;11;19/11/2012 11:15;Strada Urbana;VIA ARDEATINA;in prossimità;;del civico n. ;802;;Veicolo in marcia contro ostacolo fisso;Curva a visuale libera;Una carreggiata a doppio senso;Asciutto;Asfaltata;Verticale;Sereno;Normale;Buona;Ore Diurne;0;0;0;4;;;-1;2;Autovettura privata;In marcia / fermata / arresto;Conducente;M;Illeso;0;;Non accertato;Inesistente
1927557;11;19/11/2012 16:15;Strada Urbana;VIA DEL MARE;da specificare;;;;Prossimità Via Ostiense;Tamponamento Multiplo;Rettilineo;Una carreggiata a doppio senso;Bagnato (pioggia);Asfaltata;Verticale ed orizzontale;Pioggia in atto;Normale;Buona;Ore Diurne;0;0;0;3;;;-1;1;Autovettura privata;In marcia / fermata / arresto;Conducente;M;Illeso;0;;Non accertato;Inesploso
1927557;11;19/11/2012 16:15;Strada Urbana;VIA DEL MARE;da specificare;;;;Prossimità Via Ostiense;Tamponamento Multiplo;Rettilineo;Una carreggiata a doppio senso;Bagnato (pioggia);Asfaltata;Verticale ed orizzontale;Pioggia in atto;Normale;Buona;Ore Diurne;0;0;0;3;;;-1;2;Autovettura privata;In marcia / fermata / arresto;Conducente;M;Illeso;0;;Non accertato;Inesploso
1927557;11;19/11/2012 16:15;Strada Urbana;VIA DEL MARE;da specificare;;;;Prossimità Via Ostiense;Tamponamento Multiplo;Rettilineo;Una carreggiata a doppio senso;Bagnato (pioggia);Asfaltata;Verticale ed orizzontale;Pioggia in atto;Normale;Buona;Ore Diurne;0;0;0;3;;;-1;3;Autovettura privata;In marcia / fermata / arresto;Conducente;F;Illeso;0;;Non accertato;Inesploso
1927558;11;19/11/2012 17:55;Strada Urbana;VIA ARDEATINA;all'intersezione con;VIA DI GROTTA PERFETTA;VIA DI GROTTA PERFETTA;;;Scontro frontale/laterale SX fra veicoli in marcia;Intersezione stradale segnalata;Una carreggiata a doppio senso;Bagnato (pioggia);Asfaltata;Verticale ed orizzontale;Pioggia in atto;Intenso;Sufficiente;Sufficiente;0;0;0;2;;;-1;1;Motociclo a solo;In marcia / fermata / arresto;Conducente;M;Illeso;0;;Non accertato;Inesistente
1927558;11;19/11/2012 17:55;Strada Urbana;VIA ARDEATINA;all'intersezione con;VIA DI GROTTA PERFETTA;VIA DI GROTTA PERFETTA;;;Scontro frontale/laterale SX fra veicoli in marcia;Intersezione stradale segnalata;Una carreggiata a doppio senso;Bagnato (pioggia);Asfaltata;Verticale ed orizzontale;Pioggia in atto;Intenso;Sufficiente;Sufficiente;0;0;0;2;;;-1;2;Autovettura privata;In marcia / fermata / arresto;Conducente;M;Illeso;0;;Non accertato;Inesploso
1927560;16;17/11/2012 12:00;Strada Urbana;VIA GIACINTO CARINI;in corrispondenza;;del civico n. ;26;;Scontro frontale/laterale SX fra veicoli in marcia;Rettilineo;Una carreggiata a doppio senso;Asciutto;Asfaltata;Orizzontale;Sereno;Normale;Buona;Ore Diurne;0;0;0;2;;;-1;1;Autovettura privata;In marcia / fermata / arresto;Conducente;M;Illeso;0;;Non accertato;Inesistente
1927560;16;17/11/2012 12:00;Strada Urbana;VIA GIACINTO CARINI;in corrispondenza;;del civico n. ;26;;Scontro frontale/laterale SX fra veicoli in marcia;Rettilineo;Una carreggiata a doppio senso;Asciutto;Asfaltata;Orizzontale;Sereno;Normale;Buona;Ore Diurne;0;0;0;2;;;-1;2;Motociclo a solo;In marcia / fermata / arresto;Conducente;M;Illeso;0;;Non accertato;Inesistente
1927561;12;19/11/2012 15:10;Strada Urbana;VIA CRISTOFORO COLOMBO;da specificare;;;;altezza intersezione vale America - largo G. Pella;Scontro laterale fra veicoli in marcia;Rettilineo;Due carreggiate;Asciutto;Asfaltata;Verticale ed orizzontale;Nuvoloso;Normale;Buona;Ore Diurne;0;0;0;2;;;-1;1;Autovettura privata;In marcia / fermata / arresto;Conducente;F;Illeso;0;;Utilizzato;Inesploso
1927561;12;19/11/2012 15:10;Strada Urbana;VIA CRISTOFORO COLOMBO;da specificare;;;;altezza intersezione vale America - largo G. Pella;Scontro laterale fra veicoli in marcia;Rettilineo;Due carreggiate;Asciutto;Asfaltata;Verticale ed orizzontale;Nuvoloso;Normale;Buona;Ore Diurne;0;0;0;2;;;-1;2;Autovettura privata;In marcia / fermata / arresto;Conducente;M;Illeso;0;;Utilizzato;Inesistente
1927562;12;19/11/2012 18:50;Strada Urbana;VIA DI ACQUA ACETOSA OSTIENSE;in corrispondenza;;del civico n. ;5;;Tamponamento Multiplo;Rettilineo;Una carreggiata a doppio senso;Bagnato (pioggia);Asfaltata;Verticale ed orizzontale;Nuvoloso;Normale;Buona;Sufficiente;1;0;0;2;;;-1;1;Autovettura privata;In marcia / fermata / arresto;Conducente;F;Illeso;0;;Utilizzato;Inesploso
1927562;12;19/11/2012 18:50;Strada Urbana;VIA DI ACQUA ACETOSA OSTIENSE;in corrispondenza;;del civico n. ;5;;Tamponamento Multiplo;Rettilineo;Una carreggiata a doppio senso;Bagnato (pioggia);Asfaltata;Verticale ed orizzontale;Nuvoloso;Normale;Buona;Sufficiente;1;0;0;2;;;-1;2;Autovettura privata;In marcia / fermata / arresto;Conducente;F;Rimandato;0;NON DECEDUTO;Utilizzato;Inesploso
1927562;12;19/11/2012 18:50;Strada Urbana;VIA DI ACQUA ACETOSA OSTIENSE;in corrispondenza;;del civico n. ;5;;Tamponamento Multiplo;Rettilineo;Una carreggiata a doppio senso;Bagnato (pioggia);Asfaltata;Verticale ed orizzontale;Nuvoloso;Normale;Buona;Sufficiente;1;0;0;2;;;-1;3;Autocarro inferiore 35 q.;In marcia / fermata / arresto;Conducente;F;Illeso;0;;Utilizzato;Inesistente
1927563;16;17/11/2012 17:20;Strada Urbana;VIA SILVESTRI;in prossimità;;del civico n. ;300/302;;Scontro frontale/laterale SX fra veicoli in marcia;Rettilineo;Una carreggiata a doppio senso;Asciutto;Asfaltata;Verticale ed orizzontale;Sereno;Scarso;Buona;Ore Diurne;1;0;0;1;;;-1;1;Motociclo a solo;In marcia / fermata / arresto;Conducente;M;Rimandato;0;NON DECEDUTO;Non accertato;Inesistente
1927563;16;17/11/2012 17:20;Strada Urbana;VIA SILVESTRI;in prossimità;;del civico n. ;300/302;;Scontro frontale/laterale SX fra veicoli in marcia;Rettilineo;Una carreggiata a doppio senso;Asciutto;Asfaltata;Verticale ed orizzontale;Sereno;Scarso;Buona;Ore Diurne;1;0;0;1;;;-1;2;Autovettura privata;In marcia / fermata / arresto;Conducente;M;Illeso;0;;Non accertato;Inesistente
1927564;18;19/11/2012 14:40;Strada Urbana;VIA MATTIA BATTISTINI;in corrispondenza;;del civico n. ;82;;Scontro laterale fra veicoli in marcia;Rettilineo;Una carreggiata a doppio senso;Asciutto;Asfaltata;Orizzontale;Sereno;Normale;Buona;Ore Diurne;0;0;0;3;;;-1;1;Autovettura privata;In marcia / fermata / arresto;Conducente;F;Illeso;0;;Non accertato;Inesploso
1927564;18;19/11/2012 14:40;Strada Urbana;VIA MATTIA BATTISTINI;in corrispondenza;;del civico n. ;82;;Scontro laterale fra veicoli in marcia;Rettilineo;Una carreggiata a doppio senso;Asciutto;Asfaltata;Orizzontale;Sereno;Normale;Buona;Ore Diurne;0;0;0;3;;;-1;1;Autovettura privata;In marcia / fermata / arresto;Passeggero;F;Illeso;0;;Non accertato;Inesploso
1927564;18;19/11/2012 14:40;Strada Urbana;VIA MATTIA BATTISTINI;in corrispondenza;;del civico n. ;82;;Scontro laterale fra veicoli in marcia;Rettilineo;Una carreggiata a doppio senso;Asciutto;Asfaltata;Orizzontale;Sereno;Normale;Buona;Ore Diurne;0;0;0;3;;;-1;2;Motociclo a solo;In marcia / fermata / arresto;Conducente;M;Illeso;0;;Non accertato;Inesistente
1927565;13;19/11/2012 07:30;Strada Urbana;VIA OSTIENSE;all'intersezione semaforizzata con;VIA DI CASTEL FUSANO;VIA DI CASTEL FUSANO;;;Scontro frontale fra veicoli in marcia;Intersezione semaforizzata;Due carreggiate;Bagnato (umidità in atto);Asfaltata;Verticale ed orizzontale;Nuvoloso;Intenso;Buona;Ore Diurne;0;0;0;3;;;-1;1;Motociclo a solo;In marcia / fermata / arresto;Conducente;M;Illeso;0;;Non accertato;Inesploso
1927565;13;19/11/2012 07:30;Strada Urbana;VIA OSTIENSE;all'intersezione semaforizzata con;VIA DI CASTEL FUSANO;VIA DI CASTEL FUSANO;;;Scontro frontale fra veicoli in marcia;Intersezione semaforizzata;Due carreggiate;Bagnato (umidità in atto);Asfaltata;Verticale ed orizzontale;Nuvoloso;Intenso;Buona;Ore Diurne;0;0;0;3;;;-1;2;Autovettura privata;In marcia / fermata / arresto;Conducente;M;Illeso;0;;Non accertato;Inesistente
1927565;13;19/11/2012 07:30;Strada Urbana;VIA OSTIENSE;all'intersezione semaforizzata con;VIA DI CASTEL FUSANO;VIA DI CASTEL FUSANO;;;Scontro frontale fra veicoli in marcia;Intersezione semaforizzata;Due carreggiate;Bagnato (umidità in atto);Asfaltata;Verticale ed orizzontale;Nuvoloso;Intenso;Buona;Ore Diurne;0;0;0;3;;;-1;2;Autovettura privata;In marcia / fermata / arresto;Passeggero;M;Illeso;0;;Non accertato;Inesistente